Felic , Wheal , 26 , fwheal0@wisc.edu
Laurent , Usmar , 23 , lusmar1@creativecommons.org
Cathi , Josephi , 26 , cjosephi2@patch.com
Tuesday , Bailes , 24 , tbailes3@live.com
Florry , Cassius , 27 , fcassius4@smugmug.com
Toby , Anstie , 33 , tanstie5@qq.com
Nick , Johnsey , 26 , njohnsey6@answers.com
Gearalt , Fishwick , 33 , gfishwick7@studiopress.com
Merilee , Burchess , 24 , mburchess8@newyorker.com
Jillie , Gonnin , 34 , jgonnin9@eepurl.com
Nessi , Philipet , 32 , nphilipeta@wunderground.com
Irena , Bartolijn , 32 , ibartolijnb@google.ru
Danette , Boulton , 32 , dboultonc@clickbank.net
Tudor , Kollasch , 28 , tkollaschd@jigsy.com
Weider , Bilfoot , 24 , wbilfoote@tumblr.com
Eyde , Haggith , 33 , ehaggithf@globo.com
Margaretha , Tann , 28 , mtanng@smugmug.com
Cassandra , Ceaplen , 26 , cceaplenh@nps.gov
Marillin , Kivlehan , 25 , mkivlehani@chronoengine.com
Augustine , Hyder , 23 , ahyderj@rambler.ru
Clarie , Heisham , 23 , cheishamk@reuters.com
Daisie , Lygoe , 33 , dlygoel@devhub.com
Quillan , Steptow , 35 , qsteptowm@cafepress.com
Bettine , Whellams , 30 , bwhellamsn@canalblog.com
Darill , Doree , 27 , ddoreeo@craigslist.org
Del , Callington , 32 , dcallingtonp@google.co.jp
Francis , McDool , 35 , fmcdoolq@themeforest.net
Wynona , Bilfoot , 23 , wbilfoote2@tumblr.com
Blythe , McTeer , 22 , bmcteerr@tumblr.com
Christian , Trass , 29 , ctrasss@apple.com
Wang , Gayter , 29 , wgaytert@meetup.com
Jill , Wiper , 18 , jwiperu@mayoclinic.com
Weider , Bilfoot , 23 , bilfooter@tumblr.com
Min , Wicher , 32 , mwicherv@dyndns.org
Jennine , Cure , 33 , jcurew@4shared.com
Ivan , Orrom , 31 , iorromx@bigcartel.com
Sharona , Crosfield , 29 , scrosfieldy@google.co.jp
Jillie , Gonnin , 33 , jgonnin9@eepurl.com
